ID,Name,Tags
181913649,Drake Hotline Bling,"drakeposting, drakepost, drake hotline approves, drake no yes, drake like dislike, drake faces"
112126428,Distracted Boyfriend,"distracted bf, guy checking out another girl, man looking at other woman, jealous girlfriend, guy looking back, cheater temptation, wandering eyes, disloyal boyfriend"
87743020,Two Buttons,"2 red buttons, choice button, which button, daily struggle, hard choice to make"
124822590,Left Exit 12 Off Ramp,"car drifts off highway, sharp turn on road"
129242436,Change My Mind,"Steven Crowder's sign, prove me wrong"
438680,Batman Slapping Robin,""
217743513,UNO Draw 25 Cards,"do something you don't like or draw 25 cards, uno dilemma, uno or draw 25, draw 25"
131087935,Running Away Balloon,"big yellow ball and pink guy, me vs my hopes and dreams"
61579,One Does Not Simply,"one does not simply walk into morder, lord of the rings boromir"
93895088,Expanding Brain,""
4087833,Waiting Skeleton,"skeleton waiting on bench in the park"
102156234,Mocking Spongebob,"spongebob mock, spongebob chicken, retarded spongebob, sarcastic spongebob, spongebob stupid, spongebob derp, spongebob bird, spongebob mocking face"
1035805,Boardroom Meeting Suggestion,"throw a guy out the boardroom window"
97984,Disaster Girl,""
188390779,Woman Yelling At Cat,"Women yelling, confused cat, girl screaming at cat, angry woman yelling at cat at dinner table, lady screams at cat, woman pointing at cat, smudge the cat"
91538330,X X Everywhere,"woody and buzz lightyear pointing, toy story, dicks everywhere, toystory everywhere"
101470,Ancient Aliens,"Giorgio Tsoukalos, History Channel Guy"
247375501,Buff Doge vs. Cheems,"swole doge vs cheems, strong doge weak doge, big doge small doge, then vs. now, buff doge vs. crying cheems"
131940431,Gru's Plan,"Grus evil plan, Despicable Me diabolical plan, Gru's diabolical plan, gru 4 panel"
89370399,Roll Safe Think About It,"thinking black guy, black guy pointing at his head, can't blank if you don't blank, smart black dude, guy tapping head"
119139145,Blank Nut Button,"blank blue button, smash button, press button, button slam"
222403160,Bernie I Am Once Again Asking For Your Support,"bernie sanders commercial, bernie sanders 2020 campaign, asking for your financial support, once again bernie"
61520,Futurama Fry,"Not sure if X or Y, Skeptical Fry"
178591752,Tuxedo Winnie The Pooh,"winnie the poo, winnie the pooh drake style, classy pooh bear, tuxedo pooh, winnie the pooh elegant, winnie pooh, winnie the pooh tux, fancy pooh"
155067746,Surprised Pikachu,"shocked pikachu"
114585149,Inhaling Seagull,"inhaling bird"
5496396,Leonardo Dicaprio Cheers,"The Great Gatsby party with Jay Gatsby, gatsby toast"
135256802,Epic Handshake,"arm wrestling, holding hands, grasping hands, epic hand shake, black white arms agreement"
27813981,Hide the Pain Harold,"sad life harold, maurice"
123999232,The Scroll Of Truth,"I've finally found it... after 15 years, nyehhh"
80707627,Sad Pablo Escobar,"pablo escobar waiting, man waiting, waiting man, lonely man, narcos waiting, narcos bored, narcos alone"
100777631,Is This A Pigeon,"is this a pidgeon, anime butterfly guy, oblivious butterfly man anime, is this a bird, is this butterfly"
21735,The Rock Driving,""
61532,The Most Interesting Man In The World,"I dont always... but when I do, Dos Equis Man, I don't always"
226297822,Panik Kalm Panik,"panic calm panic, meme man wurds"
148909805,Monkey Puppet,"monkey looking away, monkey puppet avoids eye contact, hiding in plain sight, awkward look monkey"
124055727,Y'all Got Any More Of That,"Tyrone Biggums, Dave Chappelle, Chappelles Show, yall got any more of that stuff, powder lips neck scratch"
28251713,Oprah You Get A,"oprah giveway, oprah winfrey, oprah you get a car, everyone gets a car, you get an oprah, oprah excited"
252600902,Always Has Been,"wait it's all just ohio, two astronauts betrayal, astronaut gun, astronaut lie, astronaut discovers conspiracy theory, always have been, it always was"
161865971,Marked Safe From,"facebook marked safe, marked safe flag, marked safe today, facebook safe from"
8072285,Doge,"Shiba Inu"
61585,Bad Luck Brian,""
101288,Third World Skeptical Kid,"African skeptical child"
134797956,American Chopper Argument,"orange county choppers fight, american chopper hot take"
61539,First World Problems,"fwp, woman crying"
91545132,Trump Bill Signing,"executive order trump"
180190441,They're The Same Picture,"it's the same picture, corporate needs you to find the differences between this picture and this picture, pam from the office, office same picture, spot the difference"
110163934,I Bet He's Thinking About Other Women,"i bet he's thinking of other woman, i bet he's thinking about other girls, couple in bed, i wonder what he's thinking, guy thinking in bed"
61556,Grandma Finds The Internet,""
6235864,Finding Neverland,"Johnny Depp And Little Kid Crying"
175540452,Unsettled Tom,"tom face, concerned tom, tom and jerry, disgusted tom, surprised tom, tom staring down"
84341851,Evil Kermit,"kermit me to me, kermit inner me, sith kermit, kermit dark side"
61527,Y U No,""
61544,Success Kid,"Motivation Baby, Motivation Kid, Success Baby"
3218037,This Is Where I'd Put My Trophy If I Had One,""
55311130,This Is Fine,"this is fine dog, dog house fire, dog in burning house, house on fire"
14371066,Star Wars Yoda,"master yoda"
563423,That Would Be Great,"Bill Lumbergh, office space, yea that'd be great"
135678846,Who Killed Hannibal,"Eric Andre shooting Hannibal Buress, why would they do this"
61546,Brace Yourselves X is Coming,"imminent ned from game of thrones, brace yourselves winter is coming, brace yourself"
196652226,Spongebob Ight Imma Head Out,"Ight Imma Head Out, aight imma head out, spongebob aight, alright I'm out, spongebob getting out of chair"
79132341,Bike Fall,"falling off bike, baton roue, stick in bike wheel, bike stick, bicycle stick, bike blame, falling bike"